Users,food_id,name,rating
1,9,Corn salt & pepper,3
2,5,Veg soup,7
2,18,Paneer Chilly,8
3,37,Wings Platter,6
4,4,Mushroom Soup,9
4,25,Chicken Tawa,7
5,41,Paneer Tikka,6
6,10,Mustang Aalu,4
7,26,Chicken Choila,8
7,11,Golden Fry Mushroom,3
7,60,Chicken Biryani,7
8,32,Chicken Sadheko,3
9,21,Chicken Chilly,9
9,52,Chicken fry Momo,10
10,38,Chicken Sekuwa,7
10,31,Timur Chicken ,6
11,41,Paneer Tikka,3
11,35,Classic Veg Platter ,6
11,48,Veg jhol Momo,10
12,44,Chicken Butter Masala,8
12,55,Mix Chowmein,9
12,54,Chicken Chowmein,10
13,23,Rosemary Chicken Stick,10
13,2,Russian Salad,6
14,9,Corn salt & pepper,7
14,2,Russian Salad,4
15,51,Chicken jhol Momo,8
15,56,Veg Chowmein,10
16,6,Chicken soup,2
16,26,Chicken Choila,8
17,46,Veg Momo,9
17,55,Mix Chowmein,7
18,35,Classic Veg Platter ,2
19,10,Mustang Aalu,10
20,38,Chicken Sekuwa,2
20,9,Corn salt & pepper,5
20,6,Chicken soup,6
21,35,Classic Veg Platter ,9
21,24,Spicy Garlic Wing,8
22,44,Chicken Butter Masala,10
22,17,Chips Chilly,5
23,49,Veg c-Momo,8
23,61,Veg Biryani,5
24,13,Paneer pakoda,10
24,37,Wings Platter,8
24,21,Chicken Chilly,2
25,19,Onion Rings,10
26,44,Chicken Butter Masala,10
27,7,Peanut Sadheko,7
27,60,Chicken Biryani,8
28,47,Veg fry Momo,8
28,6,Chicken soup,8
29,43,Paneer Butter Masala,9
30,28,Chicken Kurkure ,9
30,19,Onion Rings,7
30,58,Mix Fried Rice,10
31,29,Mutton Tass,9
31,4,Mushroom Soup,6
32,43,Paneer Butter Masala,2
33,13,Paneer pakoda,3
33,42,Chicken Tikka,9
34,7,Peanut Sadheko,8
35,47,Veg fry Momo,10
35,49,Veg c-Momo,9
36,40,Naan,10
37,20,Sesame Chicken,5
37,40,Naan,6
38,11,Golden Fry Mushroom,10
38,51,Chicken jhol Momo,10
38,60,Chicken Biryani,9
39,21,Chicken Chilly,9
39,25,Chicken Tawa,6
40,53,Chicken c-momo,10
41,44,Chicken Butter Masala,2
41,51,Chicken jhol Momo,10
42,61,Veg Biryani,8
42,41,Paneer Tikka,3
43,56,Veg Chowmein,9
44,49,Veg c-Momo,10
44,16,Paneer tawa,10
44,58,Mix Fried Rice,7
45,41,Paneer Tikka,8
45,26,Chicken Choila,7
45,39,Mutton Sekuwa,8
46,47,Veg fry Momo,10
46,44,Chicken Butter Masala,8
46,30,Chicken Tass ,10
47,58,Mix Fried Rice,9
48,58,Mix Fried Rice,9
48,34,Chicken Bulgogi,10
48,47,Veg fry Momo,10
49,42,Chicken Tikka,5
50,58,Mix Fried Rice,9
50,7,Peanut Sadheko,7
50,52,Chicken fry Momo,8
51,32,Chicken Sadheko,7
51,5,Veg soup,8
51,22,Chicken Roast,6
52,12,Veg pakoda,4
53,35,Classic Veg Platter ,7
53,11,Golden Fry Mushroom,9
53,2,Russian Salad,10
54,42,Chicken Tikka,7
54,22,Chicken Roast,4
54,1,Garden Salad,8
55,14,Mushroom Choila,9
56,27,Mutton Choila,10
56,20,Sesame Chicken,8
56,59,Chicken Fried Rice,7
57,60,Chicken Biryani,9
58,58,Mix Fried Rice,9
59,31,Timur Chicken ,9
59,10,Mustang Aalu,8
60,27,Mutton Choila,10
60,4,Mushroom Soup,9
60,3,Fruit Salad,10
61,4,Mushroom Soup,9
61,29,Mutton Tass,6
62,58,Mix Fried Rice,6
62,50,Chicken Momo,10
63,26,Chicken Choila,9
63,30,Chicken Tass ,10
63,9,Corn salt & pepper,7
64,54,Chicken Chowmein,7
64,47,Veg fry Momo,10
64,40,Naan,8
65,18,Paneer Chilly,2
66,34,Chicken Bulgogi,5
67,1,Garden Salad,7
67,57,Veg Fried Rice,5
67,23,Rosemary Chicken Stick,3
68,3,Fruit Salad,4
68,8,Bhatmas Sadheko,6
69,50,Chicken Momo,9
69,25,Chicken Tawa,9
69,33,Mutton Bulgogi,9
70,53,Chicken c-momo,8
70,49,Veg c-Momo,8
70,10,Mustang Aalu,9
71,61,Veg Biryani,9
71,46,Veg Momo,8
71,27,Mutton Choila,9
72,18,Paneer Chilly,9
72,5,Veg soup,8
72,9,Corn salt & pepper,8
73,50,Chicken Momo,8
74,1,Garden Salad,7
75,29,Mutton Tass,7
75,49,Veg c-Momo,8
76,29,Mutton Tass,10
76,33,Mutton Bulgogi,8
76,39,Mutton Sekuwa,8
77,45,Bengoli Chicken,8
77,35,Classic Veg Platter ,9
77,56,Veg Chowmein,8
78,48,Veg jhol Momo,10
78,57,Veg Fried Rice,6
78,50,Chicken Momo,8
79,37,Wings Platter,6
79,58,Mix Fried Rice,10
80,9,Corn salt & pepper,8
80,59,Chicken Fried Rice,2
81,14,Mushroom Choila,4
81,23,Rosemary Chicken Stick,6
81,55,Mix Chowmein,5
82,49,Veg c-Momo,10
83,8,Bhatmas Sadheko,9
83,37,Wings Platter,8
83,59,Chicken Fried Rice,10
84,5,Veg soup,9
85,14,Mushroom Choila,4
85,40,Naan,10
86,12,Veg pakoda,6
86,7,Peanut Sadheko,3
86,53,Chicken c-momo,9
87,14,Mushroom Choila,7
88,48,Veg jhol Momo,8
88,16,Paneer tawa,9
88,4,Mushroom Soup,10
89,6,Chicken soup,3
89,39,Mutton Sekuwa,6
89,21,Chicken Chilly,9
90,57,Veg Fried Rice,8
91,41,Paneer Tikka,8
91,56,Veg Chowmein,8
91,6,Chicken soup,2
92,34,Chicken Bulgogi,7
92,3,Fruit Salad,9
92,45,Bengoli Chicken,5
93,19,Onion Rings,5
93,46,Veg Momo,10
93,32,Chicken Sadheko,2
94,40,Naan,8
94,28,Chicken Kurkure ,8
94,1,Garden Salad,10
95,46,Veg Momo,7
95,47,Veg fry Momo,8
95,11,Golden Fry Mushroom,6
96,10,Mustang Aalu,7
96,37,Wings Platter,10
96,9,Corn salt & pepper,10
97,35,Classic Veg Platter ,10
97,2,Russian Salad,9
98,48,Veg jhol Momo,9
98,46,Veg Momo,10
99,38,Chicken Sekuwa,7
100,16,Paneer tawa,8
101,34,Chicken Bulgogi,6
102,56,Veg Chowmein,9
102,35,Classic Veg Platter ,9
102,51,Chicken jhol Momo,10
103,23,Rosemary Chicken Stick,2
103,7,Peanut Sadheko,10
103,47,Veg fry Momo,7
104,39,Mutton Sekuwa,8
105,21,Chicken Chilly,7
105,22,Chicken Roast,6
106,33,Mutton Bulgogi,5
106,48,Veg jhol Momo,7
107,13,Paneer pakoda,9
108,38,Chicken Sekuwa,8
109,2,Russian Salad,6
109,36,Classic Non-Veg Platter ,9
110,3,Fruit Salad,8
110,5,Veg soup,9
111,28,Chicken Kurkure ,8
111,32,Chicken Sadheko,10
111,48,Veg jhol Momo,10
112,34,Chicken Bulgogi,10
113,45,Bengoli Chicken,8
114,39,Mutton Sekuwa,8
114,18,Paneer Chilly,8
115,24,Spicy Garlic Wing,4
116,1,Garden Salad,9
116,26,Chicken Choila,6
117,33,Mutton Bulgogi,9
117,35,Classic Veg Platter ,10
117,18,Paneer Chilly,2
118,31,Timur Chicken ,7
119,8,Bhatmas Sadheko,7
119,43,Paneer Butter Masala,9
119,53,Chicken c-momo,8
120,23,Rosemary Chicken Stick,10
120,26,Chicken Choila,5
120,8,Bhatmas Sadheko,4
121,28,Chicken Kurkure ,8
122,6,Chicken soup,6
122,48,Veg jhol Momo,9
122,53,Chicken c-momo,10
123,35,Classic Veg Platter ,10
123,46,Veg Momo,9
124,27,Mutton Choila,8
124,22,Chicken Roast,5
125,47,Veg fry Momo,9
125,19,Onion Rings,3
125,22,Chicken Roast,6
126,47,Veg fry Momo,9
127,1,Garden Salad,6
128,26,Chicken Choila,7
128,28,Chicken Kurkure ,7
129,47,Veg fry Momo,9
129,27,Mutton Choila,6
129,28,Chicken Kurkure ,8
130,61,Veg Biryani,6
130,51,Chicken jhol Momo,9
131,52,Chicken fry Momo,10
131,11,Golden Fry Mushroom,3
132,2,Russian Salad,8
132,47,Veg fry Momo,9
133,46,Veg Momo,9
134,6,Chicken soup,8
135,24,Spicy Garlic Wing,10
135,16,Paneer tawa,5
136,1,Garden Salad,6
136,25,Chicken Tawa,8
136,58,Mix Fried Rice,2
137,40,Naan,5
137,13,Paneer pakoda,8
138,18,Paneer Chilly,2
139,56,Veg Chowmein,3
140,36,Classic Non-Veg Platter ,2
140,40,Naan,8
141,1,Garden Salad,10
141,4,Mushroom Soup,6
142,8,Bhatmas Sadheko,4
142,16,Paneer tawa,8
143,3,Fruit Salad,6
143,13,Paneer pakoda,7
143,36,Classic Non-Veg Platter ,10
144,37,Wings Platter,5
145,12,Veg pakoda,4
146,29,Mutton Tass,7
147,11,Golden Fry Mushroom,10
147,7,Peanut Sadheko,9
147,29,Mutton Tass,9
148,22,Chicken Roast,10
148,50,Chicken Momo,8
149,44,Chicken Butter Masala,10
150,11,Golden Fry Mushroom,7
150,10,Mustang Aalu,7
150,37,Wings Platter,7
151,6,Chicken soup,6
152,28,Chicken Kurkure ,9
152,55,Mix Chowmein,10
152,35,Classic Veg Platter ,2
153,16,Paneer tawa,9
154,27,Mutton Choila,8
155,57,Veg Fried Rice,7
156,19,Onion Rings,8
156,15,French Fires,10
156,12,Veg pakoda,7
157,17,Chips Chilly,9
157,32,Chicken Sadheko,9
157,16,Paneer tawa,7
158,11,Golden Fry Mushroom,7
158,53,Chicken c-momo,8
159,30,Chicken Tass ,7
159,25,Chicken Tawa,2
160,13,Paneer pakoda,10
160,49,Veg c-Momo,8
160,56,Veg Chowmein,10
161,61,Veg Biryani,10
162,27,Mutton Choila,9
162,42,Chicken Tikka,8
163,61,Veg Biryani,8
163,47,Veg fry Momo,8
164,57,Veg Fried Rice,6
165,1,Garden Salad,7
165,60,Chicken Biryani,10
165,18,Paneer Chilly,8
166,20,Sesame Chicken,8
167,5,Veg soup,7
167,52,Chicken fry Momo,8
168,13,Paneer pakoda,10
168,36,Classic Non-Veg Platter ,9
168,19,Onion Rings,6
169,45,Bengoli Chicken,7
169,30,Chicken Tass ,7
170,16,Paneer tawa,10
171,50,Chicken Momo,10
172,55,Mix Chowmein,7
172,14,Mushroom Choila,6
173,3,Fruit Salad,7
173,23,Rosemary Chicken Stick,8
173,27,Mutton Choila,9
174,3,Fruit Salad,7
174,37,Wings Platter,8
174,52,Chicken fry Momo,9
175,37,Wings Platter,6
175,57,Veg Fried Rice,5
176,25,Chicken Tawa,10
176,6,Chicken soup,10
177,59,Chicken Fried Rice,8
178,29,Mutton Tass,7
178,5,Veg soup,4
179,43,Paneer Butter Masala,8
180,29,Mutton Tass,10
180,49,Veg c-Momo,9
181,16,Paneer tawa,9
182,56,Veg Chowmein,6
182,31,Timur Chicken ,9
183,30,Chicken Tass ,7
184,50,Chicken Momo,8
184,60,Chicken Biryani,8
184,15,French Fires,10
185,41,Paneer Tikka,6
185,17,Chips Chilly,7
185,38,Chicken Sekuwa,7
186,55,Mix Chowmein,7
186,39,Mutton Sekuwa,10
186,10,Mustang Aalu,5
187,34,Chicken Bulgogi,3
187,30,Chicken Tass ,4
188,46,Veg Momo,10
189,23,Rosemary Chicken Stick,6
190,50,Chicken Momo,8
191,60,Chicken Biryani,8
191,36,Classic Non-Veg Platter ,9
191,61,Veg Biryani,6
192,21,Chicken Chilly,2
192,3,Fruit Salad,6
192,18,Paneer Chilly,7
193,4,Mushroom Soup,7
194,10,Mustang Aalu,9
194,3,Fruit Salad,3
194,5,Veg soup,8
195,25,Chicken Tawa,4
195,48,Veg jhol Momo,10
196,37,Wings Platter,5
197,13,Paneer pakoda,7
197,60,Chicken Biryani,8
198,54,Chicken Chowmein,10
198,42,Chicken Tikka,7
199,36,Classic Non-Veg Platter ,8
199,1,Garden Salad,10
200,33,Mutton Bulgogi,3
200,59,Chicken Fried Rice,8
201,46,Veg Momo,9
201,12,Veg pakoda,7
201,52,Chicken fry Momo,8
202,1,Garden Salad,4
203,60,Chicken Biryani,6
204,60,Chicken Biryani,10
204,3,Fruit Salad,7
205,5,Veg soup,3
206,30,Chicken Tass ,8
206,55,Mix Chowmein,5
207,6,Chicken soup,7
208,31,Timur Chicken ,7
208,16,Paneer tawa,9
208,56,Veg Chowmein,5
209,16,Paneer tawa,8
209,35,Classic Veg Platter ,5
209,29,Mutton Tass,9
210,12,Veg pakoda,10
210,35,Classic Veg Platter ,6
211,57,Veg Fried Rice,4
212,20,Sesame Chicken,7
212,55,Mix Chowmein,9
213,35,Classic Veg Platter ,9
213,4,Mushroom Soup,6
214,21,Chicken Chilly,8
215,4,Mushroom Soup,6
216,50,Chicken Momo,8
217,16,Paneer tawa,9
217,24,Spicy Garlic Wing,8
218,10,Mustang Aalu,4
218,58,Mix Fried Rice,10
218,42,Chicken Tikka,8
219,13,Paneer pakoda,9
219,45,Bengoli Chicken,9
220,25,Chicken Tawa,5
220,18,Paneer Chilly,6
220,59,Chicken Fried Rice,8
221,33,Mutton Bulgogi,8
221,40,Naan,2
221,37,Wings Platter,10
222,23,Rosemary Chicken Stick,4
222,54,Chicken Chowmein,3
222,27,Mutton Choila,8
223,22,Chicken Roast,8
223,21,Chicken Chilly,7
224,42,Chicken Tikka,6
225,26,Chicken Choila,8
226,57,Veg Fried Rice,7
227,34,Chicken Bulgogi,10
227,13,Paneer pakoda,9
227,28,Chicken Kurkure ,7
228,14,Mushroom Choila,10
228,25,Chicken Tawa,4
229,56,Veg Chowmein,5
229,20,Sesame Chicken,6
229,16,Paneer tawa,4
230,26,Chicken Choila,8
230,54,Chicken Chowmein,9
231,30,Chicken Tass ,6
231,32,Chicken Sadheko,5
232,23,Rosemary Chicken Stick,8
232,1,Garden Salad,7
233,60,Chicken Biryani,8
233,18,Paneer Chilly,6
234,57,Veg Fried Rice,6
235,34,Chicken Bulgogi,7
235,53,Chicken c-momo,7
236,48,Veg jhol Momo,8
236,1,Garden Salad,5
236,23,Rosemary Chicken Stick,6
237,32,Chicken Sadheko,7
238,49,Veg c-Momo,8
239,17,Chips Chilly,6
239,13,Paneer pakoda,6
240,36,Classic Non-Veg Platter ,7
240,31,Timur Chicken ,3
240,53,Chicken c-momo,10
241,47,Veg fry Momo,7
241,30,Chicken Tass ,8
241,57,Veg Fried Rice,7
242,23,Rosemary Chicken Stick,7
242,32,Chicken Sadheko,6
243,50,Chicken Momo,9
243,51,Chicken jhol Momo,9
243,37,Wings Platter,2
244,8,Bhatmas Sadheko,8
244,44,Chicken Butter Masala,6
245,34,Chicken Bulgogi,6
246,43,Paneer Butter Masala,6
246,24,Spicy Garlic Wing,8
246,5,Veg soup,9
247,61,Veg Biryani,7
247,29,Mutton Tass,9
247,39,Mutton Sekuwa,6
248,13,Paneer pakoda,7
248,52,Chicken fry Momo,9
249,23,Rosemary Chicken Stick,6
249,28,Chicken Kurkure ,10
249,54,Chicken Chowmein,6
250,18,Paneer Chilly,5
251,53,Chicken c-momo,8
252,24,Spicy Garlic Wing,8
253,11,Golden Fry Mushroom,7
253,43,Paneer Butter Masala,8
253,31,Timur Chicken ,8
254,25,Chicken Tawa,9
254,53,Chicken c-momo,10
254,27,Mutton Choila,8
255,49,Veg c-Momo,7
256,48,Veg jhol Momo,8
256,61,Veg Biryani,10
257,2,Russian Salad,10
257,11,Golden Fry Mushroom,5
257,42,Chicken Tikka,10
258,17,Chips Chilly,6
259,48,Veg jhol Momo,8
259,52,Chicken fry Momo,8
260,60,Chicken Biryani,8
260,52,Chicken fry Momo,7
261,42,Chicken Tikka,7
261,50,Chicken Momo,5
262,51,Chicken jhol Momo,6
262,21,Chicken Chilly,7
263,5,Veg soup,7
263,57,Veg Fried Rice,7
263,49,Veg c-Momo,10
264,19,Onion Rings,7
264,55,Mix Chowmein,10
265,51,Chicken jhol Momo,9
266,4,Mushroom Soup,10
267,53,Chicken c-momo,7
268,28,Chicken Kurkure ,9
268,50,Chicken Momo,9
268,16,Paneer tawa,7
269,21,Chicken Chilly,9
269,28,Chicken Kurkure ,9
269,40,Naan,7
270,32,Chicken Sadheko,7
270,40,Naan,9
271,48,Veg jhol Momo,10
271,6,Chicken soup,7
272,55,Mix Chowmein,9
272,37,Wings Platter,2
273,46,Veg Momo,10
273,47,Veg fry Momo,5
274,14,Mushroom Choila,8
274,60,Chicken Biryani,9
275,12,Veg pakoda,10
275,6,Chicken soup,5
276,4,Mushroom Soup,10
276,11,Golden Fry Mushroom,7
276,61,Veg Biryani,6
277,4,Mushroom Soup,7
277,61,Veg Biryani,8
278,19,Onion Rings,7
279,44,Chicken Butter Masala,7
279,37,Wings Platter,2
279,29,Mutton Tass,6
280,40,Naan,8
281,8,Bhatmas Sadheko,10
282,53,Chicken c-momo,9
282,48,Veg jhol Momo,10
282,36,Classic Non-Veg Platter ,7
283,55,Mix Chowmein,9
283,48,Veg jhol Momo,8
284,14,Mushroom Choila,7
284,31,Timur Chicken ,9
284,15,French Fires,8
285,40,Naan,6
285,14,Mushroom Choila,8
286,26,Chicken Choila,2
287,38,Chicken Sekuwa,8
287,4,Mushroom Soup,8
288,52,Chicken fry Momo,8
289,33,Mutton Bulgogi,9
289,61,Veg Biryani,9
289,21,Chicken Chilly,9
290,38,Chicken Sekuwa,5
291,40,Naan,3
292,42,Chicken Tikka,8
292,44,Chicken Butter Masala,6
293,37,Wings Platter,9
293,39,Mutton Sekuwa,10
294,28,Chicken Kurkure ,9
295,48,Veg jhol Momo,7
295,53,Chicken c-momo,6
295,28,Chicken Kurkure ,9
296,47,Veg fry Momo,10
296,34,Chicken Bulgogi,8
296,28,Chicken Kurkure ,5
297,24,Spicy Garlic Wing,5
297,21,Chicken Chilly,6
298,1,Garden Salad,8
299,25,Chicken Tawa,8
300,7,Peanut Sadheko,7
300,35,Classic Veg Platter ,7
301,12,Veg pakoda,5
301,50,Chicken Momo,9
301,30,Chicken Tass ,9
302,61,Veg Biryani,9
302,6,Chicken soup,6
303,18,Paneer Chilly,3
303,23,Rosemary Chicken Stick,10
303,61,Veg Biryani,9
304,24,Spicy Garlic Wing,10
304,33,Mutton Bulgogi,6
305,2,Russian Salad,7
305,15,French Fires,8
305,48,Veg jhol Momo,9
306,20,Sesame Chicken,7
306,58,Mix Fried Rice,10
306,39,Mutton Sekuwa,2
307,15,French Fires,6
307,32,Chicken Sadheko,2
308,34,Chicken Bulgogi,2
309,17,Chips Chilly,7
310,9,Corn salt & pepper,7
310,50,Chicken Momo,10
311,3,Fruit Salad,5
311,54,Chicken Chowmein,7
312,32,Chicken Sadheko,7
312,52,Chicken fry Momo,7
312,4,Mushroom Soup,8
313,9,Corn salt & pepper,9
313,29,Mutton Tass,8
314,22,Chicken Roast,7
315,12,Veg pakoda,9
315,54,Chicken Chowmein,3
316,57,Veg Fried Rice,10
316,9,Corn salt & pepper,9
316,43,Paneer Butter Masala,6
317,38,Chicken Sekuwa,6
317,5,Veg soup,7
318,24,Spicy Garlic Wing,8
318,50,Chicken Momo,8
319,37,Wings Platter,4
320,61,Veg Biryani,10
320,19,Onion Rings,6
320,33,Mutton Bulgogi,9
321,43,Paneer Butter Masala,8
322,7,Peanut Sadheko,9
322,3,Fruit Salad,9
323,32,Chicken Sadheko,6
324,20,Sesame Chicken,9
325,49,Veg c-Momo,7
326,53,Chicken c-momo,8
326,34,Chicken Bulgogi,2
327,18,Paneer Chilly,9
328,16,Paneer tawa,9
329,2,Russian Salad,10
329,44,Chicken Butter Masala,8
330,9,Corn salt & pepper,10
330,49,Veg c-Momo,9
331,31,Timur Chicken ,7
332,17,Chips Chilly,3
333,5,Veg soup,9
333,36,Classic Non-Veg Platter ,6
333,50,Chicken Momo,7
334,34,Chicken Bulgogi,2
334,41,Paneer Tikka,9
335,33,Mutton Bulgogi,7
335,12,Veg pakoda,10
336,37,Wings Platter,9
337,21,Chicken Chilly,8
337,30,Chicken Tass ,8
338,27,Mutton Choila,9
338,54,Chicken Chowmein,10
339,17,Chips Chilly,9
339,31,Timur Chicken ,7
339,20,Sesame Chicken,10
340,50,Chicken Momo,7
340,61,Veg Biryani,7
340,48,Veg jhol Momo,7
341,37,Wings Platter,3
341,12,Veg pakoda,7
342,51,Chicken jhol Momo,7
343,43,Paneer Butter Masala,7
344,53,Chicken c-momo,7
344,16,Paneer tawa,10
345,61,Veg Biryani,8
346,57,Veg Fried Rice,8
346,36,Classic Non-Veg Platter ,5
346,43,Paneer Butter Masala,8
347,19,Onion Rings,3
347,7,Peanut Sadheko,3
347,16,Paneer tawa,10
348,23,Rosemary Chicken Stick,8
348,38,Chicken Sekuwa,9
348,3,Fruit Salad,10
349,18,Paneer Chilly,7
349,24,Spicy Garlic Wing,7
349,26,Chicken Choila,5
350,15,French Fires,10
350,9,Corn salt & pepper,6
350,5,Veg soup,6
351,13,Paneer pakoda,9
351,43,Paneer Butter Masala,8
352,12,Veg pakoda,7
352,36,Classic Non-Veg Platter ,9
352,53,Chicken c-momo,9
353,21,Chicken Chilly,4
353,41,Paneer Tikka,10
353,22,Chicken Roast,7
354,9,Corn salt & pepper,7
355,58,Mix Fried Rice,3
355,28,Chicken Kurkure ,8
355,10,Mustang Aalu,3
356,38,Chicken Sekuwa,8
357,54,Chicken Chowmein,8
357,21,Chicken Chilly,8
358,18,Paneer Chilly,9
358,5,Veg soup,9
358,45,Bengoli Chicken,6
359,34,Chicken Bulgogi,3
360,26,Chicken Choila,7
360,54,Chicken Chowmein,4
360,9,Corn salt & pepper,7
361,27,Mutton Choila,9
361,31,Timur Chicken ,5
362,15,French Fires,7
362,9,Corn salt & pepper,6
362,52,Chicken fry Momo,9
363,26,Chicken Choila,6
363,1,Garden Salad,3
363,38,Chicken Sekuwa,7
364,53,Chicken c-momo,10
364,16,Paneer tawa,8
365,7,Peanut Sadheko,8
366,45,Bengoli Chicken,10
366,30,Chicken Tass ,6
366,52,Chicken fry Momo,9
367,46,Veg Momo,7
367,6,Chicken soup,10
368,26,Chicken Choila,7
368,12,Veg pakoda,8
369,59,Chicken Fried Rice,7
369,43,Paneer Butter Masala,6
369,55,Mix Chowmein,4
370,11,Golden Fry Mushroom,8
370,42,Chicken Tikka,8
371,51,Chicken jhol Momo,7
372,45,Bengoli Chicken,7
372,52,Chicken fry Momo,7
373,48,Veg jhol Momo,10
373,61,Veg Biryani,9
373,37,Wings Platter,3
374,35,Classic Veg Platter ,10
374,24,Spicy Garlic Wing,8
375,37,Wings Platter,9
375,11,Golden Fry Mushroom,2
375,36,Classic Non-Veg Platter ,6
376,53,Chicken c-momo,7
376,52,Chicken fry Momo,8
377,54,Chicken Chowmein,5
377,38,Chicken Sekuwa,10
377,23,Rosemary Chicken Stick,9
378,59,Chicken Fried Rice,4
379,10,Mustang Aalu,8
380,44,Chicken Butter Masala,9
381,30,Chicken Tass ,9
382,61,Veg Biryani,10
382,4,Mushroom Soup,6
382,58,Mix Fried Rice,9
383,48,Veg jhol Momo,7
384,61,Veg Biryani,7
385,20,Sesame Chicken,8
386,58,Mix Fried Rice,10
386,52,Chicken fry Momo,8
387,49,Veg c-Momo,6
387,48,Veg jhol Momo,7
388,37,Wings Platter,9
388,2,Russian Salad,2
388,4,Mushroom Soup,7
389,44,Chicken Butter Masala,9
389,17,Chips Chilly,9
389,41,Paneer Tikka,3
390,43,Paneer Butter Masala,10
390,44,Chicken Butter Masala,9
391,56,Veg Chowmein,8
391,39,Mutton Sekuwa,9
392,28,Chicken Kurkure ,7
393,36,Classic Non-Veg Platter ,8
393,21,Chicken Chilly,10
394,29,Mutton Tass,4
395,3,Fruit Salad,6
395,19,Onion Rings,9
395,36,Classic Non-Veg Platter ,9
396,59,Chicken Fried Rice,10
397,4,Mushroom Soup,7
397,17,Chips Chilly,7
397,18,Paneer Chilly,9
398,39,Mutton Sekuwa,7
398,49,Veg c-Momo,7
398,40,Naan,9
399,59,Chicken Fried Rice,10
399,47,Veg fry Momo,6
399,40,Naan,4
400,32,Chicken Sadheko,10
401,34,Chicken Bulgogi,8
401,39,Mutton Sekuwa,8
401,40,Naan,7
402,38,Chicken Sekuwa,6
403,27,Mutton Choila,7
403,22,Chicken Roast,7
403,28,Chicken Kurkure ,7
404,6,Chicken soup,6
404,37,Wings Platter,8
405,18,Paneer Chilly,10
406,25,Chicken Tawa,6
406,39,Mutton Sekuwa,7
406,34,Chicken Bulgogi,8
407,43,Paneer Butter Masala,3
407,9,Corn salt & pepper,6
408,11,Golden Fry Mushroom,9
409,29,Mutton Tass,6
409,59,Chicken Fried Rice,9
410,42,Chicken Tikka,7
410,22,Chicken Roast,9
411,5,Veg soup,6
411,9,Corn salt & pepper,8
411,60,Chicken Biryani,9
412,6,Chicken soup,2
412,8,Bhatmas Sadheko,8
413,3,Fruit Salad,7
413,29,Mutton Tass,6
413,20,Sesame Chicken,9
414,48,Veg jhol Momo,7
414,10,Mustang Aalu,7
415,39,Mutton Sekuwa,9
416,54,Chicken Chowmein,8
416,7,Peanut Sadheko,6
416,4,Mushroom Soup,10
417,32,Chicken Sadheko,8
417,26,Chicken Choila,6
418,32,Chicken Sadheko,8
418,40,Naan,8
419,14,Mushroom Choila,9
419,37,Wings Platter,8
419,20,Sesame Chicken,7
420,7,Peanut Sadheko,9
420,19,Onion Rings,10
421,32,Chicken Sadheko,9
421,15,French Fires,8
422,42,Chicken Tikka,6
422,60,Chicken Biryani,9
423,54,Chicken Chowmein,9
423,60,Chicken Biryani,8
423,7,Peanut Sadheko,9
424,16,Paneer tawa,8
424,26,Chicken Choila,6
425,34,Chicken Bulgogi,6
426,4,Mushroom Soup,10
426,29,Mutton Tass,10
427,22,Chicken Roast,6
427,2,Russian Salad,6
427,23,Rosemary Chicken Stick,10
428,52,Chicken fry Momo,6
428,7,Peanut Sadheko,9
429,51,Chicken jhol Momo,6
429,28,Chicken Kurkure ,7
430,33,Mutton Bulgogi,8
431,16,Paneer tawa,7
431,22,Chicken Roast,10
432,15,French Fires,6
433,22,Chicken Roast,8
434,51,Chicken jhol Momo,10
434,15,French Fires,9
435,13,Paneer pakoda,6
435,56,Veg Chowmein,2
435,38,Chicken Sekuwa,8
436,61,Veg Biryani,9
437,1,Garden Salad,10
437,55,Mix Chowmein,6
437,24,Spicy Garlic Wing,10
438,4,Mushroom Soup,8
439,20,Sesame Chicken,4
439,32,Chicken Sadheko,9
439,55,Mix Chowmein,3
440,16,Paneer tawa,6
440,60,Chicken Biryani,9
440,1,Garden Salad,9
441,51,Chicken jhol Momo,7
441,26,Chicken Choila,9
441,14,Mushroom Choila,7
442,31,Timur Chicken ,3
443,52,Chicken fry Momo,10
444,60,Chicken Biryani,9
444,31,Timur Chicken ,7
445,20,Sesame Chicken,4
445,11,Golden Fry Mushroom,7
446,60,Chicken Biryani,8
447,58,Mix Fried Rice,10
447,33,Mutton Bulgogi,3
448,61,Veg Biryani,7
448,34,Chicken Bulgogi,4
448,51,Chicken jhol Momo,10
449,43,Paneer Butter Masala,9
449,61,Veg Biryani,9
450,13,Paneer pakoda,6
450,28,Chicken Kurkure ,8
450,5,Veg soup,10
451,18,Paneer Chilly,3
451,56,Veg Chowmein,8
452,55,Mix Chowmein,8
453,12,Veg pakoda,7
453,52,Chicken fry Momo,7
454,39,Mutton Sekuwa,4
454,38,Chicken Sekuwa,4
455,59,Chicken Fried Rice,8
456,36,Classic Non-Veg Platter ,7
456,7,Peanut Sadheko,9
457,4,Mushroom Soup,5
458,8,Bhatmas Sadheko,10
459,54,Chicken Chowmein,4
459,61,Veg Biryani,6
460,28,Chicken Kurkure ,9
460,16,Paneer tawa,10
460,42,Chicken Tikka,7
461,50,Chicken Momo,10
461,35,Classic Veg Platter ,2
461,34,Chicken Bulgogi,7
462,42,Chicken Tikka,8
463,54,Chicken Chowmein,8
464,47,Veg fry Momo,7
464,46,Veg Momo,10
465,59,Chicken Fried Rice,7
466,39,Mutton Sekuwa,8
466,38,Chicken Sekuwa,10
467,24,Spicy Garlic Wing,9
468,47,Veg fry Momo,6
469,25,Chicken Tawa,10
470,14,Mushroom Choila,5
471,24,Spicy Garlic Wing,5
472,55,Mix Chowmein,4
472,4,Mushroom Soup,9
472,59,Chicken Fried Rice,6
473,46,Veg Momo,9
473,3,Fruit Salad,8
473,48,Veg jhol Momo,7
474,57,Veg Fried Rice,8
475,31,Timur Chicken ,2
475,32,Chicken Sadheko,5
475,20,Sesame Chicken,2
476,16,Paneer tawa,8
476,46,Veg Momo,7
476,50,Chicken Momo,7
477,55,Mix Chowmein,10
477,36,Classic Non-Veg Platter ,2
478,18,Paneer Chilly,9
478,19,Onion Rings,8
478,11,Golden Fry Mushroom,8
479,11,Golden Fry Mushroom,3
479,47,Veg fry Momo,9
480,32,Chicken Sadheko,8
480,47,Veg fry Momo,9
480,5,Veg soup,9
481,7,Peanut Sadheko,4
482,60,Chicken Biryani,9
482,58,Mix Fried Rice,9
483,34,Chicken Bulgogi,7
484,19,Onion Rings,9
485,2,Russian Salad,9
485,57,Veg Fried Rice,9
486,45,Bengoli Chicken,8
487,28,Chicken Kurkure ,3
487,5,Veg soup,6
487,19,Onion Rings,10
488,36,Classic Non-Veg Platter ,9
488,48,Veg jhol Momo,10
489,8,Bhatmas Sadheko,7
490,15,French Fires,7
490,48,Veg jhol Momo,9
490,43,Paneer Butter Masala,10
491,10,Mustang Aalu,8
492,21,Chicken Chilly,9
492,53,Chicken c-momo,7
493,56,Veg Chowmein,8
494,34,Chicken Bulgogi,9
495,61,Veg Biryani,6
495,59,Chicken Fried Rice,6
496,17,Chips Chilly,7
496,54,Chicken Chowmein,2
496,53,Chicken c-momo,6
497,2,Russian Salad,8
497,35,Classic Veg Platter ,10
497,4,Mushroom Soup,10
498,47,Veg fry Momo,6
498,60,Chicken Biryani,10
499,36,Classic Non-Veg Platter ,9
499,19,Onion Rings,6
499,3,Fruit Salad,9
500,41,Paneer Tikka,7
500,38,Chicken Sekuwa,10
501,40,Naan,3
501,6,Chicken soup,5
501,11,Golden Fry Mushroom,7
502,33,Mutton Bulgogi,9
503,27,Mutton Choila,5
504,31,Timur Chicken ,7
504,57,Veg Fried Rice,8
505,39,Mutton Sekuwa,6
505,33,Mutton Bulgogi,7
506,21,Chicken Chilly,10
506,27,Mutton Choila,10
507,34,Chicken Bulgogi,7
507,40,Naan,9
507,17,Chips Chilly,6
508,22,Chicken Roast,9
509,37,Wings Platter,8
510,50,Chicken Momo,8
510,8,Bhatmas Sadheko,10
511,40,Naan,6
511,11,Golden Fry Mushroom,8
511,3,Fruit Salad,8
512,4,Mushroom Soup,10
512,25,Chicken Tawa,9
512,28,Chicken Kurkure ,9
513,17,Chips Chilly,5
513,55,Mix Chowmein,10
514,25,Chicken Tawa,6
514,7,Peanut Sadheko,8
515,39,Mutton Sekuwa,3
515,47,Veg fry Momo,9
516,34,Chicken Bulgogi,6
516,47,Veg fry Momo,9
516,18,Paneer Chilly,6
517,51,Chicken jhol Momo,6
517,59,Chicken Fried Rice,8
518,4,Mushroom Soup,7
519,55,Mix Chowmein,8
519,57,Veg Fried Rice,3
520,26,Chicken Choila,10
521,1,Garden Salad,4
521,53,Chicken c-momo,10
521,32,Chicken Sadheko,9
522,28,Chicken Kurkure ,9
523,38,Chicken Sekuwa,4
524,43,Paneer Butter Masala,4
525,7,Peanut Sadheko,3
525,61,Veg Biryani,8
525,15,French Fires,6
526,14,Mushroom Choila,6
527,57,Veg Fried Rice,9
527,58,Mix Fried Rice,8
527,8,Bhatmas Sadheko,6
528,14,Mushroom Choila,3
528,15,French Fires,8
529,20,Sesame Chicken,4
530,34,Chicken Bulgogi,9
530,29,Mutton Tass,10
531,38,Chicken Sekuwa,6
532,26,Chicken Choila,8
532,3,Fruit Salad,7
532,31,Timur Chicken ,8
533,40,Naan,9
533,20,Sesame Chicken,7
533,13,Paneer pakoda,10
534,4,Mushroom Soup,9
534,47,Veg fry Momo,9
535,59,Chicken Fried Rice,9
535,3,Fruit Salad,9
536,50,Chicken Momo,9
536,32,Chicken Sadheko,3
536,21,Chicken Chilly,8
537,22,Chicken Roast,8
537,3,Fruit Salad,9
538,25,Chicken Tawa,9
539,54,Chicken Chowmein,4
539,6,Chicken soup,9
540,8,Bhatmas Sadheko,9
540,4,Mushroom Soup,7
541,43,Paneer Butter Masala,2
542,7,Peanut Sadheko,4
543,38,Chicken Sekuwa,7
543,3,Fruit Salad,9
543,41,Paneer Tikka,4
544,32,Chicken Sadheko,8
544,48,Veg jhol Momo,8
545,36,Classic Non-Veg Platter ,8
545,56,Veg Chowmein,9
545,11,Golden Fry Mushroom,8
546,9,Corn salt & pepper,4
547,14,Mushroom Choila,8
548,56,Veg Chowmein,3
548,44,Chicken Butter Masala,7
549,49,Veg c-Momo,8
549,18,Paneer Chilly,5
550,45,Bengoli Chicken,5
551,29,Mutton Tass,9
551,45,Bengoli Chicken,8
552,34,Chicken Bulgogi,6
552,48,Veg jhol Momo,9
553,13,Paneer pakoda,8
554,59,Chicken Fried Rice,7
555,41,Paneer Tikka,7
555,7,Peanut Sadheko,5
556,61,Veg Biryani,9
556,22,Chicken Roast,6
557,34,Chicken Bulgogi,8
558,42,Chicken Tikka,5
559,30,Chicken Tass ,6
560,17,Chips Chilly,4
560,58,Mix Fried Rice,7
560,11,Golden Fry Mushroom,7
561,21,Chicken Chilly,10
561,32,Chicken Sadheko,5
561,15,French Fires,8
562,24,Spicy Garlic Wing,9
562,25,Chicken Tawa,2
562,23,Rosemary Chicken Stick,7
563,56,Veg Chowmein,10
564,23,Rosemary Chicken Stick,6
564,36,Classic Non-Veg Platter ,9
564,28,Chicken Kurkure ,10
565,34,Chicken Bulgogi,10
565,54,Chicken Chowmein,6
565,61,Veg Biryani,6
566,41,Paneer Tikka,7
566,38,Chicken Sekuwa,6
566,40,Naan,10
567,15,French Fires,7
567,50,Chicken Momo,8
568,34,Chicken Bulgogi,8
568,43,Paneer Butter Masala,7
569,16,Paneer tawa,6
569,5,Veg soup,6
570,31,Timur Chicken ,10
571,41,Paneer Tikka,7
572,54,Chicken Chowmein,7
572,3,Fruit Salad,8
572,23,Rosemary Chicken Stick,8
573,3,Fruit Salad,8
573,54,Chicken Chowmein,10
574,9,Corn salt & pepper,9
574,17,Chips Chilly,7
574,27,Mutton Choila,8
575,47,Veg fry Momo,7
575,49,Veg c-Momo,8
575,1,Garden Salad,2
576,26,Chicken Choila,7
577,39,Mutton Sekuwa,7
577,31,Timur Chicken ,8
577,61,Veg Biryani,8
578,58,Mix Fried Rice,6
579,29,Mutton Tass,2
579,47,Veg fry Momo,9
579,1,Garden Salad,10
580,33,Mutton Bulgogi,9
580,15,French Fires,6
581,25,Chicken Tawa,9
582,40,Naan,3
582,21,Chicken Chilly,6
583,28,Chicken Kurkure ,4
584,23,Rosemary Chicken Stick,8
584,45,Bengoli Chicken,7
584,19,Onion Rings,9
585,41,Paneer Tikka,3
585,18,Paneer Chilly,7
586,8,Bhatmas Sadheko,8
586,18,Paneer Chilly,9
587,30,Chicken Tass ,9
587,9,Corn salt & pepper,4
588,11,Golden Fry Mushroom,6
588,21,Chicken Chilly,9
588,6,Chicken soup,10
589,32,Chicken Sadheko,7
589,26,Chicken Choila,7
589,40,Naan,9
590,46,Veg Momo,9
590,50,Chicken Momo,8
590,24,Spicy Garlic Wing,7
591,25,Chicken Tawa,6
592,58,Mix Fried Rice,9
592,61,Veg Biryani,9
593,52,Chicken fry Momo,8
593,42,Chicken Tikka,9
594,39,Mutton Sekuwa,4
594,2,Russian Salad,7
594,18,Paneer Chilly,10
595,44,Chicken Butter Masala,8
596,46,Veg Momo,8
596,38,Chicken Sekuwa,7
596,3,Fruit Salad,7
597,5,Veg soup,9
598,59,Chicken Fried Rice,10
598,26,Chicken Choila,8
598,36,Classic Non-Veg Platter ,10
599,31,Timur Chicken ,5
599,21,Chicken Chilly,7
599,18,Paneer Chilly,4
600,51,Chicken jhol Momo,8
600,31,Timur Chicken ,10
601,23,Rosemary Chicken Stick,7
601,41,Paneer Tikka,4
602,48,Veg jhol Momo,7
602,13,Paneer pakoda,3
603,60,Chicken Biryani,3
603,49,Veg c-Momo,9
604,14,Mushroom Choila,4
604,48,Veg jhol Momo,6
604,3,Fruit Salad,8
605,33,Mutton Bulgogi,10
606,45,Bengoli Chicken,9
607,59,Chicken Fried Rice,7
607,51,Chicken jhol Momo,6
608,27,Mutton Choila,8
608,44,Chicken Butter Masala,7
609,7,Peanut Sadheko,10
609,28,Chicken Kurkure ,9
609,60,Chicken Biryani,6
610,32,Chicken Sadheko,7
610,55,Mix Chowmein,6
610,31,Timur Chicken ,9
611,58,Mix Fried Rice,2
612,30,Chicken Tass ,7
612,4,Mushroom Soup,9
612,31,Timur Chicken ,4
613,12,Veg pakoda,7
614,21,Chicken Chilly,4
615,59,Chicken Fried Rice,8
615,46,Veg Momo,8
615,58,Mix Fried Rice,9
616,49,Veg c-Momo,8
617,45,Bengoli Chicken,9
618,47,Veg fry Momo,6
619,45,Bengoli Chicken,8
619,14,Mushroom Choila,8
620,34,Chicken Bulgogi,5
620,35,Classic Veg Platter ,7
621,24,Spicy Garlic Wing,10
621,13,Paneer pakoda,8
621,35,Classic Veg Platter ,8
622,9,Corn salt & pepper,9
622,4,Mushroom Soup,9
622,56,Veg Chowmein,2
623,26,Chicken Choila,6
624,20,Sesame Chicken,8
624,16,Paneer tawa,10
624,37,Wings Platter,8
625,15,French Fires,4
626,21,Chicken Chilly,10
626,34,Chicken Bulgogi,7
627,7,Peanut Sadheko,9
627,10,Mustang Aalu,8
628,37,Wings Platter,3
628,17,Chips Chilly,10
628,28,Chicken Kurkure ,9
629,26,Chicken Choila,7
629,10,Mustang Aalu,7
629,11,Golden Fry Mushroom,8
630,48,Veg jhol Momo,8
630,51,Chicken jhol Momo,7
630,10,Mustang Aalu,3
631,36,Classic Non-Veg Platter ,4
631,32,Chicken Sadheko,2
632,9,Corn salt & pepper,2
632,55,Mix Chowmein,9
632,30,Chicken Tass ,8
633,6,Chicken soup,3
633,10,Mustang Aalu,10
634,18,Paneer Chilly,8
635,21,Chicken Chilly,6
635,12,Veg pakoda,8
636,43,Paneer Butter Masala,10
636,29,Mutton Tass,7
637,43,Paneer Butter Masala,7
637,29,Mutton Tass,6
638,36,Classic Non-Veg Platter ,10
639,2,Russian Salad,8
639,61,Veg Biryani,6
639,22,Chicken Roast,3
640,49,Veg c-Momo,6
641,42,Chicken Tikka,6
641,7,Peanut Sadheko,10
642,18,Paneer Chilly,7
643,55,Mix Chowmein,10
643,7,Peanut Sadheko,10
644,47,Veg fry Momo,8
644,31,Timur Chicken ,7
645,14,Mushroom Choila,7
645,49,Veg c-Momo,7
646,46,Veg Momo,3
646,4,Mushroom Soup,2
647,32,Chicken Sadheko,6
647,30,Chicken Tass ,8
647,38,Chicken Sekuwa,8
648,51,Chicken jhol Momo,5
649,55,Mix Chowmein,3
649,46,Veg Momo,10
650,29,Mutton Tass,8
651,33,Mutton Bulgogi,4
651,36,Classic Non-Veg Platter ,6
652,51,Chicken jhol Momo,8
652,61,Veg Biryani,8
652,52,Chicken fry Momo,6
653,12,Veg pakoda,7
653,10,Mustang Aalu,6
654,54,Chicken Chowmein,8
654,16,Paneer tawa,6
655,37,Wings Platter,8
655,14,Mushroom Choila,9
655,22,Chicken Roast,5
656,5,Veg soup,7
656,41,Paneer Tikka,9
657,34,Chicken Bulgogi,8
657,61,Veg Biryani,8
658,60,Chicken Biryani,2
658,50,Chicken Momo,8
658,43,Paneer Butter Masala,9
659,24,Spicy Garlic Wing,10
659,61,Veg Biryani,5
659,53,Chicken c-momo,4
660,14,Mushroom Choila,8
660,16,Paneer tawa,7
660,3,Fruit Salad,8
661,20,Sesame Chicken,10
661,8,Bhatmas Sadheko,10
661,10,Mustang Aalu,8
662,11,Golden Fry Mushroom,7
662,28,Chicken Kurkure ,3
662,59,Chicken Fried Rice,8
663,14,Mushroom Choila,7
663,15,French Fires,10
663,37,Wings Platter,6
664,44,Chicken Butter Masala,6
664,13,Paneer pakoda,2
665,43,Paneer Butter Masala,5
665,14,Mushroom Choila,8
665,46,Veg Momo,10
666,44,Chicken Butter Masala,10
666,5,Veg soup,5
666,8,Bhatmas Sadheko,6
667,58,Mix Fried Rice,6
667,54,Chicken Chowmein,6
667,19,Onion Rings,3
668,60,Chicken Biryani,9
668,10,Mustang Aalu,7
668,32,Chicken Sadheko,9
669,45,Bengoli Chicken,2
670,21,Chicken Chilly,9
670,30,Chicken Tass ,9
670,28,Chicken Kurkure ,9
671,46,Veg Momo,9
672,56,Veg Chowmein,9
672,50,Chicken Momo,8
673,6,Chicken soup,6
673,58,Mix Fried Rice,9
674,47,Veg fry Momo,8
674,22,Chicken Roast,9
675,38,Chicken Sekuwa,10
675,15,French Fires,9
675,13,Paneer pakoda,10
676,41,Paneer Tikka,7
676,47,Veg fry Momo,8
676,31,Timur Chicken ,10
677,29,Mutton Tass,8
677,12,Veg pakoda,6
678,3,Fruit Salad,5
678,46,Veg Momo,3
678,36,Classic Non-Veg Platter ,10
679,12,Veg pakoda,2
680,7,Peanut Sadheko,9
680,2,Russian Salad,8
681,19,Onion Rings,9
681,23,Rosemary Chicken Stick,3
681,10,Mustang Aalu,6
682,39,Mutton Sekuwa,6
682,59,Chicken Fried Rice,7
682,16,Paneer tawa,7
683,34,Chicken Bulgogi,8
683,33,Mutton Bulgogi,4
683,32,Chicken Sadheko,7
684,48,Veg jhol Momo,8
685,45,Bengoli Chicken,8
686,35,Classic Veg Platter ,8
687,31,Timur Chicken ,8
687,25,Chicken Tawa,9
687,6,Chicken soup,4
688,56,Veg Chowmein,8
688,24,Spicy Garlic Wing,8
688,53,Chicken c-momo,2
689,45,Bengoli Chicken,8
689,44,Chicken Butter Masala,9
689,59,Chicken Fried Rice,10
690,31,Timur Chicken ,2
690,36,Classic Non-Veg Platter ,8
691,53,Chicken c-momo,8
692,33,Mutton Bulgogi,7
692,41,Paneer Tikka,9
693,50,Chicken Momo,6
694,49,Veg c-Momo,6
695,46,Veg Momo,8
696,1,Garden Salad,10
696,51,Chicken jhol Momo,10
697,38,Chicken Sekuwa,8
697,49,Veg c-Momo,7
697,34,Chicken Bulgogi,7
698,13,Paneer pakoda,10
698,36,Classic Non-Veg Platter ,8
698,29,Mutton Tass,9
699,30,Chicken Tass ,7
700,34,Chicken Bulgogi,8
700,13,Paneer pakoda,6
701,19,Onion Rings,7
702,55,Mix Chowmein,10
702,27,Mutton Choila,8
702,51,Chicken jhol Momo,7
703,1,Garden Salad,7
703,11,Golden Fry Mushroom,5
704,44,Chicken Butter Masala,5
705,50,Chicken Momo,9
705,30,Chicken Tass ,9
706,9,Corn salt & pepper,8
706,22,Chicken Roast,9
706,53,Chicken c-momo,9
707,45,Bengoli Chicken,5
707,28,Chicken Kurkure ,9
708,5,Veg soup,5
709,40,Naan,7
710,4,Mushroom Soup,3
710,39,Mutton Sekuwa,4
710,60,Chicken Biryani,8
711,4,Mushroom Soup,8
712,11,Golden Fry Mushroom,4
712,4,Mushroom Soup,4
712,53,Chicken c-momo,6
713,36,Classic Non-Veg Platter ,9
714,2,Russian Salad,6
715,47,Veg fry Momo,10
716,52,Chicken fry Momo,6
716,17,Chips Chilly,7
716,31,Timur Chicken ,7
717,61,Veg Biryani,6
717,14,Mushroom Choila,6
717,6,Chicken soup,8
718,32,Chicken Sadheko,8
718,57,Veg Fried Rice,6
718,12,Veg pakoda,9
719,49,Veg c-Momo,6
719,27,Mutton Choila,8
719,22,Chicken Roast,9
720,39,Mutton Sekuwa,10
721,32,Chicken Sadheko,6
722,3,Fruit Salad,6
722,21,Chicken Chilly,8
722,61,Veg Biryani,10
723,50,Chicken Momo,5
723,5,Veg soup,9
724,15,French Fires,9
724,3,Fruit Salad,5
725,9,Corn salt & pepper,9
726,59,Chicken Fried Rice,8
726,27,Mutton Choila,9
727,20,Sesame Chicken,8
727,49,Veg c-Momo,9
728,42,Chicken Tikka,9
728,13,Paneer pakoda,6
728,35,Classic Veg Platter ,3
729,51,Chicken jhol Momo,3
729,25,Chicken Tawa,10
730,56,Veg Chowmein,8
730,27,Mutton Choila,8
731,28,Chicken Kurkure ,6
732,27,Mutton Choila,7
732,31,Timur Chicken ,10
733,3,Fruit Salad,8
733,23,Rosemary Chicken Stick,8
733,14,Mushroom Choila,6
734,57,Veg Fried Rice,7
734,12,Veg pakoda,6
735,3,Fruit Salad,7
735,30,Chicken Tass ,8
736,13,Paneer pakoda,8
737,12,Veg pakoda,7
737,15,French Fires,7
737,22,Chicken Roast,8
738,53,Chicken c-momo,8
738,8,Bhatmas Sadheko,10
739,9,Corn salt & pepper,6
739,30,Chicken Tass ,7
740,24,Spicy Garlic Wing,9
741,8,Bhatmas Sadheko,4
742,57,Veg Fried Rice,6
742,27,Mutton Choila,7
742,10,Mustang Aalu,7
743,31,Timur Chicken ,6
743,2,Russian Salad,6
743,8,Bhatmas Sadheko,8
744,49,Veg c-Momo,8
744,41,Paneer Tikka,8
745,24,Spicy Garlic Wing,7
746,24,Spicy Garlic Wing,6
747,21,Chicken Chilly,6
747,52,Chicken fry Momo,8
748,21,Chicken Chilly,9
748,25,Chicken Tawa,10
748,20,Sesame Chicken,8
749,56,Veg Chowmein,10
750,12,Veg pakoda,8
750,48,Veg jhol Momo,9
751,59,Chicken Fried Rice,8
751,22,Chicken Roast,7
752,7,Peanut Sadheko,10
752,39,Mutton Sekuwa,2
753,16,Paneer tawa,10
753,50,Chicken Momo,7
753,5,Veg soup,10
754,13,Paneer pakoda,6
754,29,Mutton Tass,10
754,36,Classic Non-Veg Platter ,9
755,12,Veg pakoda,9
755,43,Paneer Butter Masala,7
755,20,Sesame Chicken,6
756,28,Chicken Kurkure ,6
756,12,Veg pakoda,3
757,50,Chicken Momo,8
757,30,Chicken Tass ,8
758,7,Peanut Sadheko,6
758,42,Chicken Tikka,7
759,7,Peanut Sadheko,4
759,18,Paneer Chilly,8
759,40,Naan,9
760,6,Chicken soup,9
760,54,Chicken Chowmein,5
760,35,Classic Veg Platter ,2
761,20,Sesame Chicken,7
761,37,Wings Platter,10
762,58,Mix Fried Rice,6
762,36,Classic Non-Veg Platter ,10
762,19,Onion Rings,3
763,27,Mutton Choila,5
763,7,Peanut Sadheko,8
763,48,Veg jhol Momo,7
764,27,Mutton Choila,9
765,16,Paneer tawa,9
766,37,Wings Platter,6
766,5,Veg soup,9
766,8,Bhatmas Sadheko,6
767,46,Veg Momo,10
767,20,Sesame Chicken,6
767,2,Russian Salad,7
768,6,Chicken soup,7
768,17,Chips Chilly,6
768,43,Paneer Butter Masala,9
769,37,Wings Platter,8
770,11,Golden Fry Mushroom,7
771,29,Mutton Tass,8
771,55,Mix Chowmein,10
772,47,Veg fry Momo,4
772,42,Chicken Tikka,10
773,6,Chicken soup,7
773,30,Chicken Tass ,8
774,51,Chicken jhol Momo,3
775,40,Naan,10
776,6,Chicken soup,9
777,48,Veg jhol Momo,5
777,8,Bhatmas Sadheko,9
777,4,Mushroom Soup,7
778,8,Bhatmas Sadheko,9
778,58,Mix Fried Rice,7
779,16,Paneer tawa,10
779,61,Veg Biryani,9
779,28,Chicken Kurkure ,10
780,17,Chips Chilly,3
780,37,Wings Platter,7
781,18,Paneer Chilly,10
782,12,Veg pakoda,8
783,20,Sesame Chicken,8
783,41,Paneer Tikka,8
784,37,Wings Platter,8
784,18,Paneer Chilly,7
784,20,Sesame Chicken,8
785,40,Naan,7
785,59,Chicken Fried Rice,9
785,42,Chicken Tikka,8
786,60,Chicken Biryani,6
786,47,Veg fry Momo,6
786,23,Rosemary Chicken Stick,10
787,30,Chicken Tass ,9
788,26,Chicken Choila,5
788,51,Chicken jhol Momo,6
789,17,Chips Chilly,2
789,31,Timur Chicken ,5
789,58,Mix Fried Rice,8
790,40,Naan,9
790,50,Chicken Momo,6
791,41,Paneer Tikka,10
791,47,Veg fry Momo,7
791,18,Paneer Chilly,7
792,44,Chicken Butter Masala,10
793,6,Chicken soup,10
793,48,Veg jhol Momo,6
794,13,Paneer pakoda,9
794,49,Veg c-Momo,9
794,26,Chicken Choila,8
795,58,Mix Fried Rice,10
796,33,Mutton Bulgogi,10
796,46,Veg Momo,6
797,48,Veg jhol Momo,7
797,24,Spicy Garlic Wing,7
798,41,Paneer Tikka,8
798,27,Mutton Choila,10
798,37,Wings Platter,9
799,1,Garden Salad,8
800,59,Chicken Fried Rice,2
800,38,Chicken Sekuwa,8
800,20,Sesame Chicken,8
